{"cameraMode":{"drawMode":0,"name":"Shaded","section":"Shading Mode"},"sceneLighting":false,"audioPlay":false,"sceneViewState":{"showFog":true,"showMaterialUpdate":false,"showSkybox":false,"showFlares":true,"showImageEffects":true,"showParticleSystems":true},"in2DMode":false,"pivot":{"x":13.711435317993164,"y":8.888256072998047,"z":23.661422729492189},"rotation":{"x":0.436504989862442,"y":0.13011516630649568,"z":-0.06396351009607315,"w":0.8879427909851074},"size":19.190305709838868,"orthographic":false}