{"cameraMode":{"drawMode":0,"name":"Shaded","section":"Shading Mode"},"sceneLighting":false,"audioPlay":false,"sceneViewState":{"showFog":true,"showMaterialUpdate":false,"showSkybox":false,"showFlares":true,"showImageEffects":true,"showParticleSystems":true},"in2DMode":false,"pivot":{"x":489.9759826660156,"y":1.0709999799728394,"z":508.1390075683594},"rotation":{"x":-0.057356834411621097,"y":0.9419849514961243,"z":-0.21500082314014436,"w":-0.25129857659339907},"size":2.8578836917877199,"orthographic":false}