{"cameraMode":{"drawMode":0,"name":"Shaded","section":"Shading Mode"},"sceneLighting":false,"audioPlay":false,"sceneViewState":{"showFog":true,"showMaterialUpdate":false,"showSkybox":false,"showFlares":true,"showImageEffects":true,"showParticleSystems":true},"in2DMode":false,"pivot":{"x":-0.3420769274234772,"y":0.7251664996147156,"z":0.03502500057220459},"rotation":{"x":0.0005731612327508628,"y":0.9970483779907227,"z":-0.07642336934804917,"w":0.007477909792214632},"size":1.9140441417694092,"orthographic":false}